period,cfg,net_ann,net_nw,gross_ann,mdd_net,net2_ann,net2_nw,avg_nh,avg_pos,turn,n
2010-2014,A4b,2.5046329344638423,2.468598263289588,3.422387503230355,-0.032425815580084505,3.5738033915103724,4.5554945226600765,39.239222316145394,0.39094816683234557,15.056122119615647,1193
2010-2014,M_mean3_v2,3.5462329829146313,2.2813917074535506,5.161513167025719,-0.05379183130812937,5.572735447736956,4.927303421449199,78.1200338123415,0.7444342641513878,26.499302250337283,1193
2010-2014,M_union3_v2,2.6425531474854314,3.484743772934563,3.3189726241348474,-0.017378091855800304,3.4483577234878022,5.12823779634349,27.801352493660186,0.2776595456853127,11.09692568265612,1193
2010-2014,A4b_CVRv5,3.0584473096359193,3.474492762456397,3.837487799376951,-0.021145825224691106,3.8930375838503486,5.379791423400593,32.6458157227388,0.32562787778610486,12.780463479937447,1193
2010-2014,M_mean3_v2_CVRv5,4.530357372297029,3.1951093600113203,5.981386665157141,-0.03860627191279986,6.181794596583159,5.450622387652786,66.90363482671175,0.6505892623088098,23.80470223297736,1193
2010-2014,M_union3_v2_CVRv5,2.505635412328105,3.577323655631798,3.1179377173182057,-0.014465578647925192,3.18850736036447,5.059711229779122,24.81403212172443,0.24786783039240437,10.045058441325514,1193
2015-2018,A4b,5.044707738454612,2.3835942535008225,6.4880626901405725,-0.0599665051442948,4.708457227386047,3.195384644740859,64.89217758985201,0.6395759896728195,23.58713391131245,956
2015-2018,M_mean3_v2,7.0335084939980215,2.3030411153323307,9.047073315099277,-0.08430488123824675,7.207215962907197,4.054773891956758,129.3139534883721,0.9584406458806273,32.905435367056434,956
2015-2018,M_union3_v2,6.98182074769592,4.321051821942331,8.060135891001877,-0.027633258418323092,6.728615080966925,5.2071909239772545,45.93446088794926,0.4571552507308786,17.621697042743452,956
2015-2018,A4b_CVRv5,6.989161529791388,3.7726461899397283,8.230300783010867,-0.0347024174781454,6.459001584917945,4.660799210400649,54.143763213530654,0.5368530345677167,20.282549163723456,956
2015-2018,M_mean3_v2_CVRv5,10.06186497656461,3.334459270300488,12.07611835329677,-0.06894222166585262,9.84274300890992,4.912149034832054,110.55496828752642,0.9281078216487085,32.9166876607854,956
2015-2018,M_union3_v2_CVRv5,6.972610466506006,4.6077649859438035,7.948655638628248,-0.021688952773828984,6.591767673477053,5.333778140220625,40.78752642706131,0.4063986119932364,15.950413411091668,956
2019-2023,A4b,7.566459946757881,3.2907095643814626,9.393255624001423,-0.06695727982616806,7.4052802240194975,3.891708786746518,90.52067510548524,0.8030959497184978,29.970082843300823,1195
2019-2023,M_mean3_v2,5.557229950836829,2.571625121664222,7.6103212687566995,-0.05777985950478082,5.368939887277725,3.191038215072404,180.62362869198313,0.9562011042213526,33.68264861222192,1195
2019-2023,M_union3_v2,5.495868877515959,3.1498912259461824,6.984431860731977,-0.039349681470982834,5.500423526799966,3.4295210592400114,65.05485232067511,0.625627145058805,24.421097816352837,1195
2019-2023,A4b_CVRv5,8.429935774277213,3.9477691689378576,10.098101447976816,-0.05249888583777573,8.204460068825496,4.655366293418305,77.44725738396625,0.7187134129957803,27.367627403501178,1195
2019-2023,M_mean3_v2_CVRv5,7.08173545075739,3.218162097923933,9.181636480121144,-0.052943916122646706,6.906679273644234,3.9988549788050745,158.189029535865,0.9475878874359641,34.45060035817802,1195
2019-2023,M_union3_v2_CVRv5,5.483173667188064,3.323116904892601,6.8690474313833,-0.03936797626567867,5.433093803054626,3.6743671791172754,59.37637130801688,0.5744564820393365,22.736396872780197,1195
2024-2026,A4b,8.926207541043086,1.6909550082986973,10.938338660011961,-0.05456512025746485,7.32853365464118,2.3917169894819987,126.6156862745098,0.9122779778029669,32.353376062579265,520
2024-2026,M_mean3_v2,6.329845601070322,1.3368413850333458,8.309548697534035,-0.05016227649121385,4.92507382448293,2.217788461909894,252.73921568627452,0.9576703733437332,31.83196073472888,520
2024-2026,M_union3_v2,7.303164830150748,1.594307479610463,9.108864179257587,-0.05838391721889036,5.230667109693662,1.7706560638205564,84.53529411764706,0.7717857656436601,29.034126825465542,520
2024-2026,A4b_CVRv5,10.329310609401674,1.9561150043113853,12.323260827976638,-0.055155201890179306,8.350554480945673,2.6647603771401047,109.0156862745098,0.8831045731954947,32.06104247554052,520
2024-2026,M_mean3_v2_CVRv5,7.416509179734939,1.5443692217597964,9.443079776103778,-0.05109581938418428,5.980744227038571,2.560539386749183,224.63725490196077,0.952603045905467,32.585550714650445,520
2024-2026,M_union3_v2_CVRv5,7.833845052107366,1.769563332479383,9.564050981384769,-0.05404566786630427,5.607503052535582,1.9974738620910217,78.96274509803922,0.7313072931874524,27.82025612938312,520
